{
  "assetsByChunkName": {
    "vendors~app-account~app-confirmation~app-order": "chunk.dc81e89fe07b016c9f06.js",
    "vendors~app-account~app-checkout": "chunk.a79c46247a92cf3be843.js",
    "vendors~app-cart~app-checkout": "chunk.c3d85d04107f186bec50.js",
    "admin": [
      "admin.c0921e935f97a093527d.js",
      "admin.c0921e935f97a093527d.js.map"
    ],
    "app-account": "chunk.ecfdf8cd3be635906857.js",
    "app-checkout": "chunk.a37ec4c75f517345f848.js",
    "app-confirmation": "chunk.884a2f87eec2e460ab56.js",
    "checkout": [
      "checkout.aabfc3ea42ab1bfb2b93.js",
      "checkout.aabfc3ea42ab1bfb2b93.js.map"
    ],
    "storefront": [
      "storefront.0257539300cd7551e34f.css",
      "storefront.a112b633ea3f1b232997.js",
      "storefront.0257539300cd7551e34f.css.map",
      "storefront.a112b633ea3f1b232997.js.map"
    ],
    "vendors~app-cart": "chunk.e983bcc804fbed2437ae.js",
    "vendors~app-order": "chunk.36a54b97696baab1cf8d.js"
  }
}